<?xml version="1.0" encoding="UTF-8"?>
<root>
  <item name="com.google.android.exoplayer2.extractor.mp3.Mp3Extractor Mp3Extractor(int) 0">
    <annotation name="androidx.annotation.IntDef">
      <val name="flag" val="true" />
      <val name="value" val="{com.google.android.exoplayer2.extractor.mp3.Mp3Extractor.FLAG_ENABLE_CONSTANT_BITRATE_SEEKING, com.google.android.exoplayer2.extractor.mp3.Mp3Extractor.FLAG_DISABLE_ID3_METADATA}" />
    </annotation>
  </item>
  <item name="com.google.android.exoplayer2.extractor.mp3.Mp3Extractor Mp3Extractor(int, long) 0">
    <annotation name="androidx.annotation.IntDef">
      <val name="flag" val="true" />
      <val name="value" val="{com.google.android.exoplayer2.extractor.mp3.Mp3Extractor.FLAG_ENABLE_CONSTANT_BITRATE_SEEKING, com.google.android.exoplayer2.extractor.mp3.Mp3Extractor.FLAG_DISABLE_ID3_METADATA}" />
    </annotation>
  </item>
  <item name="com.google.android.exoplayer2.extractor.mp3.Mp3Extractor flags">
    <annotation name="androidx.annotation.IntDef">
      <val name="flag" val="true" />
      <val name="value" val="{com.google.android.exoplayer2.extractor.mp3.Mp3Extractor.FLAG_ENABLE_CONSTANT_BITRATE_SEEKING, com.google.android.exoplayer2.extractor.mp3.Mp3Extractor.FLAG_DISABLE_ID3_METADATA}" />
    </annotation>
  </item>
  <item name="com.google.android.exoplayer2.extractor.mp3.Mp3Extractor.Flags">
    <annotation name="androidx.annotation.IntDef">
      <val name="flag" val="true" />
      <val name="value" val="{com.google.android.exoplayer2.extractor.mp3.Mp3Extractor.FLAG_ENABLE_CONSTANT_BITRATE_SEEKING, com.google.android.exoplayer2.extractor.mp3.Mp3Extractor.FLAG_DISABLE_ID3_METADATA}" />
    </annotation>
  </item>
</root>

