<?xml version="1.0" encoding="UTF-8"?>
<root>
  <item name="com.google.android.exoplayer2.extractor.ts.Ac3Reader state">
    <annotation name="androidx.annotation.IntDef">
      <val name="value" val="{com.google.android.exoplayer2.extractor.ts.Ac3Reader.STATE_FINDING_SYNC, com.google.android.exoplayer2.extractor.ts.Ac3Reader.STATE_READING_HEADER, com.google.android.exoplayer2.extractor.ts.Ac3Reader.STATE_READING_SAMPLE}" />
    </annotation>
  </item>
  <item name="com.google.android.exoplayer2.extractor.ts.Ac3Reader void packetStarted(long, int) 1">
    <annotation name="androidx.annotation.IntDef">
      <val name="flag" val="true" />
      <val name="value" val="{com.google.android.exoplayer2.extractor.ts.TsPayloadReader.FLAG_PAYLOAD_UNIT_START_INDICATOR, com.google.android.exoplayer2.extractor.ts.TsPayloadReader.FLAG_RANDOM_ACCESS_INDICATOR, com.google.android.exoplayer2.extractor.ts.TsPayloadReader.FLAG_DATA_ALIGNMENT_INDICATOR}" />
    </annotation>
  </item>
  <item name="com.google.android.exoplayer2.extractor.ts.Ac4Reader state">
    <annotation name="androidx.annotation.IntDef">
      <val name="value" val="{com.google.android.exoplayer2.extractor.ts.Ac4Reader.STATE_FINDING_SYNC, com.google.android.exoplayer2.extractor.ts.Ac4Reader.STATE_READING_HEADER, com.google.android.exoplayer2.extractor.ts.Ac4Reader.STATE_READING_SAMPLE}" />
    </annotation>
  </item>
  <item name="com.google.android.exoplayer2.extractor.ts.Ac4Reader void packetStarted(long, int) 1">
    <annotation name="androidx.annotation.IntDef">
      <val name="flag" val="true" />
      <val name="value" val="{com.google.android.exoplayer2.extractor.ts.TsPayloadReader.FLAG_PAYLOAD_UNIT_START_INDICATOR, com.google.android.exoplayer2.extractor.ts.TsPayloadReader.FLAG_RANDOM_ACCESS_INDICATOR, com.google.android.exoplayer2.extractor.ts.TsPayloadReader.FLAG_DATA_ALIGNMENT_INDICATOR}" />
    </annotation>
  </item>
  <item name="com.google.android.exoplayer2.extractor.ts.AdtsExtractor AdtsExtractor(int) 0">
    <annotation name="androidx.annotation.IntDef">
      <val name="flag" val="true" />
      <val name="value" val="{com.google.android.exoplayer2.extractor.ts.AdtsExtractor.FLAG_ENABLE_CONSTANT_BITRATE_SEEKING}" />
    </annotation>
  </item>
  <item name="com.google.android.exoplayer2.extractor.ts.AdtsExtractor flags">
    <annotation name="androidx.annotation.IntDef">
      <val name="flag" val="true" />
      <val name="value" val="{com.google.android.exoplayer2.extractor.ts.AdtsExtractor.FLAG_ENABLE_CONSTANT_BITRATE_SEEKING}" />
    </annotation>
  </item>
  <item name="com.google.android.exoplayer2.extractor.ts.AdtsExtractor.Flags">
    <annotation name="androidx.annotation.IntDef">
      <val name="flag" val="true" />
      <val name="value" val="{com.google.android.exoplayer2.extractor.ts.AdtsExtractor.FLAG_ENABLE_CONSTANT_BITRATE_SEEKING}" />
    </annotation>
  </item>
  <item name="com.google.android.exoplayer2.extractor.ts.AdtsReader void packetStarted(long, int) 1">
    <annotation name="androidx.annotation.IntDef">
      <val name="flag" val="true" />
      <val name="value" val="{com.google.android.exoplayer2.extractor.ts.TsPayloadReader.FLAG_PAYLOAD_UNIT_START_INDICATOR, com.google.android.exoplayer2.extractor.ts.TsPayloadReader.FLAG_RANDOM_ACCESS_INDICATOR, com.google.android.exoplayer2.extractor.ts.TsPayloadReader.FLAG_DATA_ALIGNMENT_INDICATOR}" />
    </annotation>
  </item>
  <item name="com.google.android.exoplayer2.extractor.ts.DefaultTsPayloadReaderFactory DefaultTsPayloadReaderFactory(int) 0">
    <annotation name="androidx.annotation.IntDef">
      <val name="flag" val="true" />
      <val name="value" val="{com.google.android.exoplayer2.extractor.ts.DefaultTsPayloadReaderFactory.FLAG_ALLOW_NON_IDR_KEYFRAMES, com.google.android.exoplayer2.extractor.ts.DefaultTsPayloadReaderFactory.FLAG_IGNORE_AAC_STREAM, com.google.android.exoplayer2.extractor.ts.DefaultTsPayloadReaderFactory.FLAG_IGNORE_H264_STREAM, com.google.android.exoplayer2.extractor.ts.DefaultTsPayloadReaderFactory.FLAG_DETECT_ACCESS_UNITS, com.google.android.exoplayer2.extractor.ts.DefaultTsPayloadReaderFactory.FLAG_IGNORE_SPLICE_INFO_STREAM, com.google.android.exoplayer2.extractor.ts.DefaultTsPayloadReaderFactory.FLAG_OVERRIDE_CAPTION_DESCRIPTORS, com.google.android.exoplayer2.extractor.ts.DefaultTsPayloadReaderFactory.FLAG_ENABLE_HDMV_DTS_AUDIO_STREAMS}" />
    </annotation>
  </item>
  <item name="com.google.android.exoplayer2.extractor.ts.DefaultTsPayloadReaderFactory DefaultTsPayloadReaderFactory(int, java.util.List&lt;com.google.android.exoplayer2.Format&gt;) 0">
    <annotation name="androidx.annotation.IntDef">
      <val name="flag" val="true" />
      <val name="value" val="{com.google.android.exoplayer2.extractor.ts.DefaultTsPayloadReaderFactory.FLAG_ALLOW_NON_IDR_KEYFRAMES, com.google.android.exoplayer2.extractor.ts.DefaultTsPayloadReaderFactory.FLAG_IGNORE_AAC_STREAM, com.google.android.exoplayer2.extractor.ts.DefaultTsPayloadReaderFactory.FLAG_IGNORE_H264_STREAM, com.google.android.exoplayer2.extractor.ts.DefaultTsPayloadReaderFactory.FLAG_DETECT_ACCESS_UNITS, com.google.android.exoplayer2.extractor.ts.DefaultTsPayloadReaderFactory.FLAG_IGNORE_SPLICE_INFO_STREAM, com.google.android.exoplayer2.extractor.ts.DefaultTsPayloadReaderFactory.FLAG_OVERRIDE_CAPTION_DESCRIPTORS, com.google.android.exoplayer2.extractor.ts.DefaultTsPayloadReaderFactory.FLAG_ENABLE_HDMV_DTS_AUDIO_STREAMS}" />
    </annotation>
  </item>
  <item name="com.google.android.exoplayer2.extractor.ts.DefaultTsPayloadReaderFactory boolean isSet(int) 0">
    <annotation name="androidx.annotation.IntDef">
      <val name="flag" val="true" />
      <val name="value" val="{com.google.android.exoplayer2.extractor.ts.DefaultTsPayloadReaderFactory.FLAG_ALLOW_NON_IDR_KEYFRAMES, com.google.android.exoplayer2.extractor.ts.DefaultTsPayloadReaderFactory.FLAG_IGNORE_AAC_STREAM, com.google.android.exoplayer2.extractor.ts.DefaultTsPayloadReaderFactory.FLAG_IGNORE_H264_STREAM, com.google.android.exoplayer2.extractor.ts.DefaultTsPayloadReaderFactory.FLAG_DETECT_ACCESS_UNITS, com.google.android.exoplayer2.extractor.ts.DefaultTsPayloadReaderFactory.FLAG_IGNORE_SPLICE_INFO_STREAM, com.google.android.exoplayer2.extractor.ts.DefaultTsPayloadReaderFactory.FLAG_OVERRIDE_CAPTION_DESCRIPTORS, com.google.android.exoplayer2.extractor.ts.DefaultTsPayloadReaderFactory.FLAG_ENABLE_HDMV_DTS_AUDIO_STREAMS}" />
    </annotation>
  </item>
  <item name="com.google.android.exoplayer2.extractor.ts.DefaultTsPayloadReaderFactory flags">
    <annotation name="androidx.annotation.IntDef">
      <val name="flag" val="true" />
      <val name="value" val="{com.google.android.exoplayer2.extractor.ts.DefaultTsPayloadReaderFactory.FLAG_ALLOW_NON_IDR_KEYFRAMES, com.google.android.exoplayer2.extractor.ts.DefaultTsPayloadReaderFactory.FLAG_IGNORE_AAC_STREAM, com.google.android.exoplayer2.extractor.ts.DefaultTsPayloadReaderFactory.FLAG_IGNORE_H264_STREAM, com.google.android.exoplayer2.extractor.ts.DefaultTsPayloadReaderFactory.FLAG_DETECT_ACCESS_UNITS, com.google.android.exoplayer2.extractor.ts.DefaultTsPayloadReaderFactory.FLAG_IGNORE_SPLICE_INFO_STREAM, com.google.android.exoplayer2.extractor.ts.DefaultTsPayloadReaderFactory.FLAG_OVERRIDE_CAPTION_DESCRIPTORS, com.google.android.exoplayer2.extractor.ts.DefaultTsPayloadReaderFactory.FLAG_ENABLE_HDMV_DTS_AUDIO_STREAMS}" />
    </annotation>
  </item>
  <item name="com.google.android.exoplayer2.extractor.ts.DefaultTsPayloadReaderFactory.Flags">
    <annotation name="androidx.annotation.IntDef">
      <val name="flag" val="true" />
      <val name="value" val="{com.google.android.exoplayer2.extractor.ts.DefaultTsPayloadReaderFactory.FLAG_ALLOW_NON_IDR_KEYFRAMES, com.google.android.exoplayer2.extractor.ts.DefaultTsPayloadReaderFactory.FLAG_IGNORE_AAC_STREAM, com.google.android.exoplayer2.extractor.ts.DefaultTsPayloadReaderFactory.FLAG_IGNORE_H264_STREAM, com.google.android.exoplayer2.extractor.ts.DefaultTsPayloadReaderFactory.FLAG_DETECT_ACCESS_UNITS, com.google.android.exoplayer2.extractor.ts.DefaultTsPayloadReaderFactory.FLAG_IGNORE_SPLICE_INFO_STREAM, com.google.android.exoplayer2.extractor.ts.DefaultTsPayloadReaderFactory.FLAG_OVERRIDE_CAPTION_DESCRIPTORS, com.google.android.exoplayer2.extractor.ts.DefaultTsPayloadReaderFactory.FLAG_ENABLE_HDMV_DTS_AUDIO_STREAMS}" />
    </annotation>
  </item>
  <item name="com.google.android.exoplayer2.extractor.ts.DtsReader void packetStarted(long, int) 1">
    <annotation name="androidx.annotation.IntDef">
      <val name="flag" val="true" />
      <val name="value" val="{com.google.android.exoplayer2.extractor.ts.TsPayloadReader.FLAG_PAYLOAD_UNIT_START_INDICATOR, com.google.android.exoplayer2.extractor.ts.TsPayloadReader.FLAG_RANDOM_ACCESS_INDICATOR, com.google.android.exoplayer2.extractor.ts.TsPayloadReader.FLAG_DATA_ALIGNMENT_INDICATOR}" />
    </annotation>
  </item>
  <item name="com.google.android.exoplayer2.extractor.ts.DvbSubtitleReader void packetStarted(long, int) 1">
    <annotation name="androidx.annotation.IntDef">
      <val name="flag" val="true" />
      <val name="value" val="{com.google.android.exoplayer2.extractor.ts.TsPayloadReader.FLAG_PAYLOAD_UNIT_START_INDICATOR, com.google.android.exoplayer2.extractor.ts.TsPayloadReader.FLAG_RANDOM_ACCESS_INDICATOR, com.google.android.exoplayer2.extractor.ts.TsPayloadReader.FLAG_DATA_ALIGNMENT_INDICATOR}" />
    </annotation>
  </item>
  <item name="com.google.android.exoplayer2.extractor.ts.ElementaryStreamReader void packetStarted(long, int) 1">
    <annotation name="androidx.annotation.IntDef">
      <val name="flag" val="true" />
      <val name="value" val="{com.google.android.exoplayer2.extractor.ts.TsPayloadReader.FLAG_PAYLOAD_UNIT_START_INDICATOR, com.google.android.exoplayer2.extractor.ts.TsPayloadReader.FLAG_RANDOM_ACCESS_INDICATOR, com.google.android.exoplayer2.extractor.ts.TsPayloadReader.FLAG_DATA_ALIGNMENT_INDICATOR}" />
    </annotation>
  </item>
  <item name="com.google.android.exoplayer2.extractor.ts.H262Reader void packetStarted(long, int) 1">
    <annotation name="androidx.annotation.IntDef">
      <val name="flag" val="true" />
      <val name="value" val="{com.google.android.exoplayer2.extractor.ts.TsPayloadReader.FLAG_PAYLOAD_UNIT_START_INDICATOR, com.google.android.exoplayer2.extractor.ts.TsPayloadReader.FLAG_RANDOM_ACCESS_INDICATOR, com.google.android.exoplayer2.extractor.ts.TsPayloadReader.FLAG_DATA_ALIGNMENT_INDICATOR}" />
    </annotation>
  </item>
  <item name="com.google.android.exoplayer2.extractor.ts.H264Reader void packetStarted(long, int) 1">
    <annotation name="androidx.annotation.IntDef">
      <val name="flag" val="true" />
      <val name="value" val="{com.google.android.exoplayer2.extractor.ts.TsPayloadReader.FLAG_PAYLOAD_UNIT_START_INDICATOR, com.google.android.exoplayer2.extractor.ts.TsPayloadReader.FLAG_RANDOM_ACCESS_INDICATOR, com.google.android.exoplayer2.extractor.ts.TsPayloadReader.FLAG_DATA_ALIGNMENT_INDICATOR}" />
    </annotation>
  </item>
  <item name="com.google.android.exoplayer2.extractor.ts.H265Reader void packetStarted(long, int) 1">
    <annotation name="androidx.annotation.IntDef">
      <val name="flag" val="true" />
      <val name="value" val="{com.google.android.exoplayer2.extractor.ts.TsPayloadReader.FLAG_PAYLOAD_UNIT_START_INDICATOR, com.google.android.exoplayer2.extractor.ts.TsPayloadReader.FLAG_RANDOM_ACCESS_INDICATOR, com.google.android.exoplayer2.extractor.ts.TsPayloadReader.FLAG_DATA_ALIGNMENT_INDICATOR}" />
    </annotation>
  </item>
  <item name="com.google.android.exoplayer2.extractor.ts.Id3Reader void packetStarted(long, int) 1">
    <annotation name="androidx.annotation.IntDef">
      <val name="flag" val="true" />
      <val name="value" val="{com.google.android.exoplayer2.extractor.ts.TsPayloadReader.FLAG_PAYLOAD_UNIT_START_INDICATOR, com.google.android.exoplayer2.extractor.ts.TsPayloadReader.FLAG_RANDOM_ACCESS_INDICATOR, com.google.android.exoplayer2.extractor.ts.TsPayloadReader.FLAG_DATA_ALIGNMENT_INDICATOR}" />
    </annotation>
  </item>
  <item name="com.google.android.exoplayer2.extractor.ts.LatmReader void packetStarted(long, int) 1">
    <annotation name="androidx.annotation.IntDef">
      <val name="flag" val="true" />
      <val name="value" val="{com.google.android.exoplayer2.extractor.ts.TsPayloadReader.FLAG_PAYLOAD_UNIT_START_INDICATOR, com.google.android.exoplayer2.extractor.ts.TsPayloadReader.FLAG_RANDOM_ACCESS_INDICATOR, com.google.android.exoplayer2.extractor.ts.TsPayloadReader.FLAG_DATA_ALIGNMENT_INDICATOR}" />
    </annotation>
  </item>
  <item name="com.google.android.exoplayer2.extractor.ts.MpegAudioReader void packetStarted(long, int) 1">
    <annotation name="androidx.annotation.IntDef">
      <val name="flag" val="true" />
      <val name="value" val="{com.google.android.exoplayer2.extractor.ts.TsPayloadReader.FLAG_PAYLOAD_UNIT_START_INDICATOR, com.google.android.exoplayer2.extractor.ts.TsPayloadReader.FLAG_RANDOM_ACCESS_INDICATOR, com.google.android.exoplayer2.extractor.ts.TsPayloadReader.FLAG_DATA_ALIGNMENT_INDICATOR}" />
    </annotation>
  </item>
  <item name="com.google.android.exoplayer2.extractor.ts.PesReader void consume(com.google.android.exoplayer2.util.ParsableByteArray, int) 1">
    <annotation name="androidx.annotation.IntDef">
      <val name="flag" val="true" />
      <val name="value" val="{com.google.android.exoplayer2.extractor.ts.TsPayloadReader.FLAG_PAYLOAD_UNIT_START_INDICATOR, com.google.android.exoplayer2.extractor.ts.TsPayloadReader.FLAG_RANDOM_ACCESS_INDICATOR, com.google.android.exoplayer2.extractor.ts.TsPayloadReader.FLAG_DATA_ALIGNMENT_INDICATOR}" />
    </annotation>
  </item>
  <item name="com.google.android.exoplayer2.extractor.ts.PsDurationReader int readDuration(com.google.android.exoplayer2.extractor.ExtractorInput, com.google.android.exoplayer2.extractor.PositionHolder)">
    <annotation name="androidx.annotation.IntDef">
      <val name="value" val="{com.google.android.exoplayer2.extractor.Extractor.RESULT_CONTINUE, com.google.android.exoplayer2.extractor.Extractor.RESULT_SEEK, com.google.android.exoplayer2.extractor.Extractor.RESULT_END_OF_INPUT}" />
    </annotation>
  </item>
  <item name="com.google.android.exoplayer2.extractor.ts.SectionReader void consume(com.google.android.exoplayer2.util.ParsableByteArray, int) 1">
    <annotation name="androidx.annotation.IntDef">
      <val name="flag" val="true" />
      <val name="value" val="{com.google.android.exoplayer2.extractor.ts.TsPayloadReader.FLAG_PAYLOAD_UNIT_START_INDICATOR, com.google.android.exoplayer2.extractor.ts.TsPayloadReader.FLAG_RANDOM_ACCESS_INDICATOR, com.google.android.exoplayer2.extractor.ts.TsPayloadReader.FLAG_DATA_ALIGNMENT_INDICATOR}" />
    </annotation>
  </item>
  <item name="com.google.android.exoplayer2.extractor.ts.TsDurationReader int readDuration(com.google.android.exoplayer2.extractor.ExtractorInput, com.google.android.exoplayer2.extractor.PositionHolder, int)">
    <annotation name="androidx.annotation.IntDef">
      <val name="value" val="{com.google.android.exoplayer2.extractor.Extractor.RESULT_CONTINUE, com.google.android.exoplayer2.extractor.Extractor.RESULT_SEEK, com.google.android.exoplayer2.extractor.Extractor.RESULT_END_OF_INPUT}" />
    </annotation>
  </item>
  <item name="com.google.android.exoplayer2.extractor.ts.TsExtractor TsExtractor(int) 0">
    <annotation name="androidx.annotation.IntDef">
      <val name="flag" val="true" />
      <val name="value" val="{com.google.android.exoplayer2.extractor.ts.DefaultTsPayloadReaderFactory.FLAG_ALLOW_NON_IDR_KEYFRAMES, com.google.android.exoplayer2.extractor.ts.DefaultTsPayloadReaderFactory.FLAG_IGNORE_AAC_STREAM, com.google.android.exoplayer2.extractor.ts.DefaultTsPayloadReaderFactory.FLAG_IGNORE_H264_STREAM, com.google.android.exoplayer2.extractor.ts.DefaultTsPayloadReaderFactory.FLAG_DETECT_ACCESS_UNITS, com.google.android.exoplayer2.extractor.ts.DefaultTsPayloadReaderFactory.FLAG_IGNORE_SPLICE_INFO_STREAM, com.google.android.exoplayer2.extractor.ts.DefaultTsPayloadReaderFactory.FLAG_OVERRIDE_CAPTION_DESCRIPTORS, com.google.android.exoplayer2.extractor.ts.DefaultTsPayloadReaderFactory.FLAG_ENABLE_HDMV_DTS_AUDIO_STREAMS}" />
    </annotation>
  </item>
  <item name="com.google.android.exoplayer2.extractor.ts.TsExtractor TsExtractor(int, com.google.android.exoplayer2.util.TimestampAdjuster, com.google.android.exoplayer2.extractor.ts.TsPayloadReader.Factory) 0">
    <annotation name="androidx.annotation.IntDef">
      <val name="value" val="{com.google.android.exoplayer2.extractor.ts.TsExtractor.MODE_MULTI_PMT, com.google.android.exoplayer2.extractor.ts.TsExtractor.MODE_SINGLE_PMT, com.google.android.exoplayer2.extractor.ts.TsExtractor.MODE_HLS}" />
    </annotation>
  </item>
  <item name="com.google.android.exoplayer2.extractor.ts.TsExtractor TsExtractor(int, int) 0">
    <annotation name="androidx.annotation.IntDef">
      <val name="value" val="{com.google.android.exoplayer2.extractor.ts.TsExtractor.MODE_MULTI_PMT, com.google.android.exoplayer2.extractor.ts.TsExtractor.MODE_SINGLE_PMT, com.google.android.exoplayer2.extractor.ts.TsExtractor.MODE_HLS}" />
    </annotation>
  </item>
  <item name="com.google.android.exoplayer2.extractor.ts.TsExtractor TsExtractor(int, int) 1">
    <annotation name="androidx.annotation.IntDef">
      <val name="flag" val="true" />
      <val name="value" val="{com.google.android.exoplayer2.extractor.ts.DefaultTsPayloadReaderFactory.FLAG_ALLOW_NON_IDR_KEYFRAMES, com.google.android.exoplayer2.extractor.ts.DefaultTsPayloadReaderFactory.FLAG_IGNORE_AAC_STREAM, com.google.android.exoplayer2.extractor.ts.DefaultTsPayloadReaderFactory.FLAG_IGNORE_H264_STREAM, com.google.android.exoplayer2.extractor.ts.DefaultTsPayloadReaderFactory.FLAG_DETECT_ACCESS_UNITS, com.google.android.exoplayer2.extractor.ts.DefaultTsPayloadReaderFactory.FLAG_IGNORE_SPLICE_INFO_STREAM, com.google.android.exoplayer2.extractor.ts.DefaultTsPayloadReaderFactory.FLAG_OVERRIDE_CAPTION_DESCRIPTORS, com.google.android.exoplayer2.extractor.ts.DefaultTsPayloadReaderFactory.FLAG_ENABLE_HDMV_DTS_AUDIO_STREAMS}" />
    </annotation>
  </item>
  <item name="com.google.android.exoplayer2.extractor.ts.TsExtractor int read(com.google.android.exoplayer2.extractor.ExtractorInput, com.google.android.exoplayer2.extractor.PositionHolder)">
    <annotation name="androidx.annotation.IntDef">
      <val name="value" val="{com.google.android.exoplayer2.extractor.Extractor.RESULT_CONTINUE, com.google.android.exoplayer2.extractor.Extractor.RESULT_SEEK, com.google.android.exoplayer2.extractor.Extractor.RESULT_END_OF_INPUT}" />
    </annotation>
  </item>
  <item name="com.google.android.exoplayer2.extractor.ts.TsExtractor mode">
    <annotation name="androidx.annotation.IntDef">
      <val name="value" val="{com.google.android.exoplayer2.extractor.ts.TsExtractor.MODE_MULTI_PMT, com.google.android.exoplayer2.extractor.ts.TsExtractor.MODE_SINGLE_PMT, com.google.android.exoplayer2.extractor.ts.TsExtractor.MODE_HLS}" />
    </annotation>
  </item>
  <item name="com.google.android.exoplayer2.extractor.ts.TsExtractor.Mode">
    <annotation name="androidx.annotation.IntDef">
      <val name="value" val="{com.google.android.exoplayer2.extractor.ts.TsExtractor.MODE_MULTI_PMT, com.google.android.exoplayer2.extractor.ts.TsExtractor.MODE_SINGLE_PMT, com.google.android.exoplayer2.extractor.ts.TsExtractor.MODE_HLS}" />
    </annotation>
  </item>
  <item name="com.google.android.exoplayer2.extractor.ts.TsPayloadReader void consume(com.google.android.exoplayer2.util.ParsableByteArray, int) 1">
    <annotation name="androidx.annotation.IntDef">
      <val name="flag" val="true" />
      <val name="value" val="{com.google.android.exoplayer2.extractor.ts.TsPayloadReader.FLAG_PAYLOAD_UNIT_START_INDICATOR, com.google.android.exoplayer2.extractor.ts.TsPayloadReader.FLAG_RANDOM_ACCESS_INDICATOR, com.google.android.exoplayer2.extractor.ts.TsPayloadReader.FLAG_DATA_ALIGNMENT_INDICATOR}" />
    </annotation>
  </item>
  <item name="com.google.android.exoplayer2.extractor.ts.TsPayloadReader.Flags">
    <annotation name="androidx.annotation.IntDef">
      <val name="flag" val="true" />
      <val name="value" val="{com.google.android.exoplayer2.extractor.ts.TsPayloadReader.FLAG_PAYLOAD_UNIT_START_INDICATOR, com.google.android.exoplayer2.extractor.ts.TsPayloadReader.FLAG_RANDOM_ACCESS_INDICATOR, com.google.android.exoplayer2.extractor.ts.TsPayloadReader.FLAG_DATA_ALIGNMENT_INDICATOR}" />
    </annotation>
  </item>
</root>

