<?xml version="1.0" encoding="UTF-8"?>
<root>
  <item name="com.google.android.exoplayer2.text.ssa.SsaDecoder android.text.Layout.Alignment toTextAlignment(int) 0">
    <annotation name="androidx.annotation.IntDef">
      <val name="value" val="{com.google.android.exoplayer2.text.ssa.SsaStyle.SSA_ALIGNMENT_UNKNOWN, com.google.android.exoplayer2.text.ssa.SsaStyle.SSA_ALIGNMENT_BOTTOM_LEFT, com.google.android.exoplayer2.text.ssa.SsaStyle.SSA_ALIGNMENT_BOTTOM_CENTER, com.google.android.exoplayer2.text.ssa.SsaStyle.SSA_ALIGNMENT_BOTTOM_RIGHT, com.google.android.exoplayer2.text.ssa.SsaStyle.SSA_ALIGNMENT_MIDDLE_LEFT, com.google.android.exoplayer2.text.ssa.SsaStyle.SSA_ALIGNMENT_MIDDLE_CENTER, com.google.android.exoplayer2.text.ssa.SsaStyle.SSA_ALIGNMENT_MIDDLE_RIGHT, com.google.android.exoplayer2.text.ssa.SsaStyle.SSA_ALIGNMENT_TOP_LEFT, com.google.android.exoplayer2.text.ssa.SsaStyle.SSA_ALIGNMENT_TOP_CENTER, com.google.android.exoplayer2.text.ssa.SsaStyle.SSA_ALIGNMENT_TOP_RIGHT}" />
    </annotation>
  </item>
  <item name="com.google.android.exoplayer2.text.ssa.SsaDecoder float computeDefaultLineOrPosition(int) 0">
    <annotation name="androidx.annotation.IntDef">
      <val name="value" val="{com.google.android.exoplayer2.text.Cue.TYPE_UNSET, com.google.android.exoplayer2.text.Cue.ANCHOR_TYPE_START, com.google.android.exoplayer2.text.Cue.ANCHOR_TYPE_MIDDLE, com.google.android.exoplayer2.text.Cue.ANCHOR_TYPE_END}" />
    </annotation>
  </item>
  <item name="com.google.android.exoplayer2.text.ssa.SsaDecoder int toLineAnchor(int)">
    <annotation name="androidx.annotation.IntDef">
      <val name="value" val="{com.google.android.exoplayer2.text.Cue.TYPE_UNSET, com.google.android.exoplayer2.text.Cue.ANCHOR_TYPE_START, com.google.android.exoplayer2.text.Cue.ANCHOR_TYPE_MIDDLE, com.google.android.exoplayer2.text.Cue.ANCHOR_TYPE_END}" />
    </annotation>
  </item>
  <item name="com.google.android.exoplayer2.text.ssa.SsaDecoder int toLineAnchor(int) 0">
    <annotation name="androidx.annotation.IntDef">
      <val name="value" val="{com.google.android.exoplayer2.text.ssa.SsaStyle.SSA_ALIGNMENT_UNKNOWN, com.google.android.exoplayer2.text.ssa.SsaStyle.SSA_ALIGNMENT_BOTTOM_LEFT, com.google.android.exoplayer2.text.ssa.SsaStyle.SSA_ALIGNMENT_BOTTOM_CENTER, com.google.android.exoplayer2.text.ssa.SsaStyle.SSA_ALIGNMENT_BOTTOM_RIGHT, com.google.android.exoplayer2.text.ssa.SsaStyle.SSA_ALIGNMENT_MIDDLE_LEFT, com.google.android.exoplayer2.text.ssa.SsaStyle.SSA_ALIGNMENT_MIDDLE_CENTER, com.google.android.exoplayer2.text.ssa.SsaStyle.SSA_ALIGNMENT_MIDDLE_RIGHT, com.google.android.exoplayer2.text.ssa.SsaStyle.SSA_ALIGNMENT_TOP_LEFT, com.google.android.exoplayer2.text.ssa.SsaStyle.SSA_ALIGNMENT_TOP_CENTER, com.google.android.exoplayer2.text.ssa.SsaStyle.SSA_ALIGNMENT_TOP_RIGHT}" />
    </annotation>
  </item>
  <item name="com.google.android.exoplayer2.text.ssa.SsaDecoder int toPositionAnchor(int)">
    <annotation name="androidx.annotation.IntDef">
      <val name="value" val="{com.google.android.exoplayer2.text.Cue.TYPE_UNSET, com.google.android.exoplayer2.text.Cue.ANCHOR_TYPE_START, com.google.android.exoplayer2.text.Cue.ANCHOR_TYPE_MIDDLE, com.google.android.exoplayer2.text.Cue.ANCHOR_TYPE_END}" />
    </annotation>
  </item>
  <item name="com.google.android.exoplayer2.text.ssa.SsaDecoder int toPositionAnchor(int) 0">
    <annotation name="androidx.annotation.IntDef">
      <val name="value" val="{com.google.android.exoplayer2.text.ssa.SsaStyle.SSA_ALIGNMENT_UNKNOWN, com.google.android.exoplayer2.text.ssa.SsaStyle.SSA_ALIGNMENT_BOTTOM_LEFT, com.google.android.exoplayer2.text.ssa.SsaStyle.SSA_ALIGNMENT_BOTTOM_CENTER, com.google.android.exoplayer2.text.ssa.SsaStyle.SSA_ALIGNMENT_BOTTOM_RIGHT, com.google.android.exoplayer2.text.ssa.SsaStyle.SSA_ALIGNMENT_MIDDLE_LEFT, com.google.android.exoplayer2.text.ssa.SsaStyle.SSA_ALIGNMENT_MIDDLE_CENTER, com.google.android.exoplayer2.text.ssa.SsaStyle.SSA_ALIGNMENT_MIDDLE_RIGHT, com.google.android.exoplayer2.text.ssa.SsaStyle.SSA_ALIGNMENT_TOP_LEFT, com.google.android.exoplayer2.text.ssa.SsaStyle.SSA_ALIGNMENT_TOP_CENTER, com.google.android.exoplayer2.text.ssa.SsaStyle.SSA_ALIGNMENT_TOP_RIGHT}" />
    </annotation>
  </item>
  <item name="com.google.android.exoplayer2.text.ssa.SsaStyle SsaStyle(java.lang.String, int) 1">
    <annotation name="androidx.annotation.IntDef">
      <val name="value" val="{com.google.android.exoplayer2.text.ssa.SsaStyle.SSA_ALIGNMENT_UNKNOWN, com.google.android.exoplayer2.text.ssa.SsaStyle.SSA_ALIGNMENT_BOTTOM_LEFT, com.google.android.exoplayer2.text.ssa.SsaStyle.SSA_ALIGNMENT_BOTTOM_CENTER, com.google.android.exoplayer2.text.ssa.SsaStyle.SSA_ALIGNMENT_BOTTOM_RIGHT, com.google.android.exoplayer2.text.ssa.SsaStyle.SSA_ALIGNMENT_MIDDLE_LEFT, com.google.android.exoplayer2.text.ssa.SsaStyle.SSA_ALIGNMENT_MIDDLE_CENTER, com.google.android.exoplayer2.text.ssa.SsaStyle.SSA_ALIGNMENT_MIDDLE_RIGHT, com.google.android.exoplayer2.text.ssa.SsaStyle.SSA_ALIGNMENT_TOP_LEFT, com.google.android.exoplayer2.text.ssa.SsaStyle.SSA_ALIGNMENT_TOP_CENTER, com.google.android.exoplayer2.text.ssa.SsaStyle.SSA_ALIGNMENT_TOP_RIGHT}" />
    </annotation>
  </item>
  <item name="com.google.android.exoplayer2.text.ssa.SsaStyle alignment">
    <annotation name="androidx.annotation.IntDef">
      <val name="value" val="{com.google.android.exoplayer2.text.ssa.SsaStyle.SSA_ALIGNMENT_UNKNOWN, com.google.android.exoplayer2.text.ssa.SsaStyle.SSA_ALIGNMENT_BOTTOM_LEFT, com.google.android.exoplayer2.text.ssa.SsaStyle.SSA_ALIGNMENT_BOTTOM_CENTER, com.google.android.exoplayer2.text.ssa.SsaStyle.SSA_ALIGNMENT_BOTTOM_RIGHT, com.google.android.exoplayer2.text.ssa.SsaStyle.SSA_ALIGNMENT_MIDDLE_LEFT, com.google.android.exoplayer2.text.ssa.SsaStyle.SSA_ALIGNMENT_MIDDLE_CENTER, com.google.android.exoplayer2.text.ssa.SsaStyle.SSA_ALIGNMENT_MIDDLE_RIGHT, com.google.android.exoplayer2.text.ssa.SsaStyle.SSA_ALIGNMENT_TOP_LEFT, com.google.android.exoplayer2.text.ssa.SsaStyle.SSA_ALIGNMENT_TOP_CENTER, com.google.android.exoplayer2.text.ssa.SsaStyle.SSA_ALIGNMENT_TOP_RIGHT}" />
    </annotation>
  </item>
  <item name="com.google.android.exoplayer2.text.ssa.SsaStyle boolean isValidAlignment(int) 0">
    <annotation name="androidx.annotation.IntDef">
      <val name="value" val="{com.google.android.exoplayer2.text.ssa.SsaStyle.SSA_ALIGNMENT_UNKNOWN, com.google.android.exoplayer2.text.ssa.SsaStyle.SSA_ALIGNMENT_BOTTOM_LEFT, com.google.android.exoplayer2.text.ssa.SsaStyle.SSA_ALIGNMENT_BOTTOM_CENTER, com.google.android.exoplayer2.text.ssa.SsaStyle.SSA_ALIGNMENT_BOTTOM_RIGHT, com.google.android.exoplayer2.text.ssa.SsaStyle.SSA_ALIGNMENT_MIDDLE_LEFT, com.google.android.exoplayer2.text.ssa.SsaStyle.SSA_ALIGNMENT_MIDDLE_CENTER, com.google.android.exoplayer2.text.ssa.SsaStyle.SSA_ALIGNMENT_MIDDLE_RIGHT, com.google.android.exoplayer2.text.ssa.SsaStyle.SSA_ALIGNMENT_TOP_LEFT, com.google.android.exoplayer2.text.ssa.SsaStyle.SSA_ALIGNMENT_TOP_CENTER, com.google.android.exoplayer2.text.ssa.SsaStyle.SSA_ALIGNMENT_TOP_RIGHT}" />
    </annotation>
  </item>
  <item name="com.google.android.exoplayer2.text.ssa.SsaStyle int parseAlignment(java.lang.String)">
    <annotation name="androidx.annotation.IntDef">
      <val name="value" val="{com.google.android.exoplayer2.text.ssa.SsaStyle.SSA_ALIGNMENT_UNKNOWN, com.google.android.exoplayer2.text.ssa.SsaStyle.SSA_ALIGNMENT_BOTTOM_LEFT, com.google.android.exoplayer2.text.ssa.SsaStyle.SSA_ALIGNMENT_BOTTOM_CENTER, com.google.android.exoplayer2.text.ssa.SsaStyle.SSA_ALIGNMENT_BOTTOM_RIGHT, com.google.android.exoplayer2.text.ssa.SsaStyle.SSA_ALIGNMENT_MIDDLE_LEFT, com.google.android.exoplayer2.text.ssa.SsaStyle.SSA_ALIGNMENT_MIDDLE_CENTER, com.google.android.exoplayer2.text.ssa.SsaStyle.SSA_ALIGNMENT_MIDDLE_RIGHT, com.google.android.exoplayer2.text.ssa.SsaStyle.SSA_ALIGNMENT_TOP_LEFT, com.google.android.exoplayer2.text.ssa.SsaStyle.SSA_ALIGNMENT_TOP_CENTER, com.google.android.exoplayer2.text.ssa.SsaStyle.SSA_ALIGNMENT_TOP_RIGHT}" />
    </annotation>
  </item>
  <item name="com.google.android.exoplayer2.text.ssa.SsaStyle.Overrides Overrides(int, android.graphics.PointF) 0">
    <annotation name="androidx.annotation.IntDef">
      <val name="value" val="{com.google.android.exoplayer2.text.ssa.SsaStyle.SSA_ALIGNMENT_UNKNOWN, com.google.android.exoplayer2.text.ssa.SsaStyle.SSA_ALIGNMENT_BOTTOM_LEFT, com.google.android.exoplayer2.text.ssa.SsaStyle.SSA_ALIGNMENT_BOTTOM_CENTER, com.google.android.exoplayer2.text.ssa.SsaStyle.SSA_ALIGNMENT_BOTTOM_RIGHT, com.google.android.exoplayer2.text.ssa.SsaStyle.SSA_ALIGNMENT_MIDDLE_LEFT, com.google.android.exoplayer2.text.ssa.SsaStyle.SSA_ALIGNMENT_MIDDLE_CENTER, com.google.android.exoplayer2.text.ssa.SsaStyle.SSA_ALIGNMENT_MIDDLE_RIGHT, com.google.android.exoplayer2.text.ssa.SsaStyle.SSA_ALIGNMENT_TOP_LEFT, com.google.android.exoplayer2.text.ssa.SsaStyle.SSA_ALIGNMENT_TOP_CENTER, com.google.android.exoplayer2.text.ssa.SsaStyle.SSA_ALIGNMENT_TOP_RIGHT}" />
    </annotation>
  </item>
  <item name="com.google.android.exoplayer2.text.ssa.SsaStyle.Overrides alignment">
    <annotation name="androidx.annotation.IntDef">
      <val name="value" val="{com.google.android.exoplayer2.text.ssa.SsaStyle.SSA_ALIGNMENT_UNKNOWN, com.google.android.exoplayer2.text.ssa.SsaStyle.SSA_ALIGNMENT_BOTTOM_LEFT, com.google.android.exoplayer2.text.ssa.SsaStyle.SSA_ALIGNMENT_BOTTOM_CENTER, com.google.android.exoplayer2.text.ssa.SsaStyle.SSA_ALIGNMENT_BOTTOM_RIGHT, com.google.android.exoplayer2.text.ssa.SsaStyle.SSA_ALIGNMENT_MIDDLE_LEFT, com.google.android.exoplayer2.text.ssa.SsaStyle.SSA_ALIGNMENT_MIDDLE_CENTER, com.google.android.exoplayer2.text.ssa.SsaStyle.SSA_ALIGNMENT_MIDDLE_RIGHT, com.google.android.exoplayer2.text.ssa.SsaStyle.SSA_ALIGNMENT_TOP_LEFT, com.google.android.exoplayer2.text.ssa.SsaStyle.SSA_ALIGNMENT_TOP_CENTER, com.google.android.exoplayer2.text.ssa.SsaStyle.SSA_ALIGNMENT_TOP_RIGHT}" />
    </annotation>
  </item>
  <item name="com.google.android.exoplayer2.text.ssa.SsaStyle.Overrides int parseAlignmentOverride(java.lang.String)">
    <annotation name="androidx.annotation.IntDef">
      <val name="value" val="{com.google.android.exoplayer2.text.ssa.SsaStyle.SSA_ALIGNMENT_UNKNOWN, com.google.android.exoplayer2.text.ssa.SsaStyle.SSA_ALIGNMENT_BOTTOM_LEFT, com.google.android.exoplayer2.text.ssa.SsaStyle.SSA_ALIGNMENT_BOTTOM_CENTER, com.google.android.exoplayer2.text.ssa.SsaStyle.SSA_ALIGNMENT_BOTTOM_RIGHT, com.google.android.exoplayer2.text.ssa.SsaStyle.SSA_ALIGNMENT_MIDDLE_LEFT, com.google.android.exoplayer2.text.ssa.SsaStyle.SSA_ALIGNMENT_MIDDLE_CENTER, com.google.android.exoplayer2.text.ssa.SsaStyle.SSA_ALIGNMENT_MIDDLE_RIGHT, com.google.android.exoplayer2.text.ssa.SsaStyle.SSA_ALIGNMENT_TOP_LEFT, com.google.android.exoplayer2.text.ssa.SsaStyle.SSA_ALIGNMENT_TOP_CENTER, com.google.android.exoplayer2.text.ssa.SsaStyle.SSA_ALIGNMENT_TOP_RIGHT}" />
    </annotation>
  </item>
  <item name="com.google.android.exoplayer2.text.ssa.SsaStyle.SsaAlignment">
    <annotation name="androidx.annotation.IntDef">
      <val name="value" val="{com.google.android.exoplayer2.text.ssa.SsaStyle.SSA_ALIGNMENT_UNKNOWN, com.google.android.exoplayer2.text.ssa.SsaStyle.SSA_ALIGNMENT_BOTTOM_LEFT, com.google.android.exoplayer2.text.ssa.SsaStyle.SSA_ALIGNMENT_BOTTOM_CENTER, com.google.android.exoplayer2.text.ssa.SsaStyle.SSA_ALIGNMENT_BOTTOM_RIGHT, com.google.android.exoplayer2.text.ssa.SsaStyle.SSA_ALIGNMENT_MIDDLE_LEFT, com.google.android.exoplayer2.text.ssa.SsaStyle.SSA_ALIGNMENT_MIDDLE_CENTER, com.google.android.exoplayer2.text.ssa.SsaStyle.SSA_ALIGNMENT_MIDDLE_RIGHT, com.google.android.exoplayer2.text.ssa.SsaStyle.SSA_ALIGNMENT_TOP_LEFT, com.google.android.exoplayer2.text.ssa.SsaStyle.SSA_ALIGNMENT_TOP_CENTER, com.google.android.exoplayer2.text.ssa.SsaStyle.SSA_ALIGNMENT_TOP_RIGHT}" />
    </annotation>
  </item>
</root>

