<?xml version="1.0" encoding="UTF-8"?>
<root>
  <item name="com.google.android.exoplayer2.video.spherical.CameraMotionRenderer int supportsFormat(com.google.android.exoplayer2.Format)">
  </item>
  <item name="com.google.android.exoplayer2.video.spherical.Projection com.google.android.exoplayer2.video.spherical.Projection createEquirectangular(float, int, int, float, float, int) 5">
    <annotation name="androidx.annotation.IntDef">
      <val name="value" val="{com.google.android.exoplayer2.Format.NO_VALUE, com.google.android.exoplayer2.C.STEREO_MODE_MONO, com.google.android.exoplayer2.C.STEREO_MODE_TOP_BOTTOM, com.google.android.exoplayer2.C.STEREO_MODE_LEFT_RIGHT, com.google.android.exoplayer2.C.STEREO_MODE_STEREO_MESH}" />
    </annotation>
  </item>
  <item name="com.google.android.exoplayer2.video.spherical.Projection com.google.android.exoplayer2.video.spherical.Projection createEquirectangular(int) 0">
    <annotation name="androidx.annotation.IntDef">
      <val name="value" val="{com.google.android.exoplayer2.Format.NO_VALUE, com.google.android.exoplayer2.C.STEREO_MODE_MONO, com.google.android.exoplayer2.C.STEREO_MODE_TOP_BOTTOM, com.google.android.exoplayer2.C.STEREO_MODE_LEFT_RIGHT, com.google.android.exoplayer2.C.STEREO_MODE_STEREO_MESH}" />
    </annotation>
  </item>
  <item name="com.google.android.exoplayer2.video.spherical.Projection stereoMode">
    <annotation name="androidx.annotation.IntDef">
      <val name="value" val="{com.google.android.exoplayer2.Format.NO_VALUE, com.google.android.exoplayer2.C.STEREO_MODE_MONO, com.google.android.exoplayer2.C.STEREO_MODE_TOP_BOTTOM, com.google.android.exoplayer2.C.STEREO_MODE_LEFT_RIGHT, com.google.android.exoplayer2.C.STEREO_MODE_STEREO_MESH}" />
    </annotation>
  </item>
  <item name="com.google.android.exoplayer2.video.spherical.Projection.DrawMode">
    <annotation name="androidx.annotation.IntDef">
      <val name="value" val="{com.google.android.exoplayer2.video.spherical.Projection.DRAW_MODE_TRIANGLES, com.google.android.exoplayer2.video.spherical.Projection.DRAW_MODE_TRIANGLES_STRIP, com.google.android.exoplayer2.video.spherical.Projection.DRAW_MODE_TRIANGLES_FAN}" />
    </annotation>
  </item>
  <item name="com.google.android.exoplayer2.video.spherical.Projection.SubMesh SubMesh(int, float[], float[], int) 3">
    <annotation name="androidx.annotation.IntDef">
      <val name="value" val="{com.google.android.exoplayer2.video.spherical.Projection.DRAW_MODE_TRIANGLES, com.google.android.exoplayer2.video.spherical.Projection.DRAW_MODE_TRIANGLES_STRIP, com.google.android.exoplayer2.video.spherical.Projection.DRAW_MODE_TRIANGLES_FAN}" />
    </annotation>
  </item>
  <item name="com.google.android.exoplayer2.video.spherical.Projection.SubMesh mode">
    <annotation name="androidx.annotation.IntDef">
      <val name="value" val="{com.google.android.exoplayer2.video.spherical.Projection.DRAW_MODE_TRIANGLES, com.google.android.exoplayer2.video.spherical.Projection.DRAW_MODE_TRIANGLES_STRIP, com.google.android.exoplayer2.video.spherical.Projection.DRAW_MODE_TRIANGLES_FAN}" />
    </annotation>
  </item>
  <item name="com.google.android.exoplayer2.video.spherical.ProjectionDecoder com.google.android.exoplayer2.video.spherical.Projection decode(byte[], int) 1">
    <annotation name="androidx.annotation.IntDef">
      <val name="value" val="{com.google.android.exoplayer2.Format.NO_VALUE, com.google.android.exoplayer2.C.STEREO_MODE_MONO, com.google.android.exoplayer2.C.STEREO_MODE_TOP_BOTTOM, com.google.android.exoplayer2.C.STEREO_MODE_LEFT_RIGHT, com.google.android.exoplayer2.C.STEREO_MODE_STEREO_MESH}" />
    </annotation>
  </item>
</root>

